{"cameraMode":{"drawMode":0,"name":"Shaded","section":"Shading Mode"},"sceneLighting":false,"audioPlay":false,"sceneViewState":{"m_AlwaysRefresh":false,"showFog":true,"showSkybox":false,"showFlares":true,"showImageEffects":true,"showParticleSystems":true,"showVisualEffectGraphs":true,"m_FxEnabled":true},"in2DMode":false,"pivot":{"x":-2.6540822982788088,"y":4.679913520812988,"z":4.5301079750061039},"rotation":{"x":0.17986196279525758,"y":0.7343514561653137,"z":-0.21351023018360139,"w":0.6188273429870606},"size":14.969773292541504,"orthographic":false}